Question_ID,Questions,Answers
1590140,Hello,Hi
2110618,Hi,Hello
6361820,Greetings!,Greetings!
9434130,"Hi, How is it going?",Good
7657263,"Hi, How is it going?",Fine
1619387,Nice to meet you.,Thank you.
1030153,How do you do?,I'm doing well.
8022026,"hi, nice to meet you.",Thank you. Nice to meet you too.
1155199,It is a pleasure to meet you.,Thank you. You too.
7760466,What's up?,Not much.
2553795,Is the product available in a different model?,our marke t have a varity of products and models
1259439,Is the product currently in stock?,all the listed products in the market ar in stock
4197817,When will my order be delivered?,the delivery takes between 2 and 4 days 
3388962,Is my payment information secure?,yes as we do not save your payment information in our the data base
5343181,Can I track my package?,yes from the orders page you can know your package statue
5778437,What should I do if there's an issue with my delivery? ,you can call the customer service for more help(123456)
9541219,How can I return or exchange a product?,you can call the customer service for the returment and exchange(123456)
3268009,What is the return/exchange policy?,our policy for the return and exchange is you can return withen 14 days from the delivery date you cant return a product that you baught on sale or using voucher but you can change it if it was broken 
3340726,How can I create an account on your website?,you can create an account on our website from the account button located at the top right corner of the wbsite 
9539480,How do I reset my password?,you can reset your password if you forget it we will send you a code on your email so you can reset your password
4211025,Can you suggest similar products to what I'm�looking�for?,all my messages are recorded but you can find products like what you want by searching for them
